true_label,prob_cura,set
0.0,0.19562253,ID
0.0,0.00020706154,ID
1.0,0.964104,ID
0.0,0.0011282128,ID
0.0,0.008568075,ID
0.0,0.0059581986,ID
0.0,0.00021757657,ID
0.0,0.002458667,ID
0.0,0.00030747446,ID
1.0,0.9580866,ID
0.0,0.00014015967,ID
0.0,0.08624727,ID
0.0,0.013704081,ID
0.0,0.00032174375,ID
0.0,0.00014425299,ID
1.0,0.99874556,ID
0.0,0.000118396136,ID
0.0,0.09796667,ID
0.0,0.0005280657,ID
0.0,0.00026386173,ID
1.0,0.9888321,ID
0.0,0.0849017,ID
0.0,0.644191,ID
1.0,0.9741898,ID
0.0,0.0012243827,ID
0.0,0.00022832134,ID
0.0,0.0004126299,ID
0.0,0.0007482914,ID
1.0,0.99794954,ID
0.0,0.19128574,ID
0.0,0.0022645332,ID
0.0,0.001093158,ID
0.0,0.1848015,ID
0.0,0.0003617678,ID
0.0,0.00022160307,ID
0.0,0.00097256666,ID
0.0,0.14371623,ID
0.0,0.01884789,ID
0.0,0.0010325408,ID
0.0,0.012462534,ID
1.0,0.9887643,ID
0.0,0.0005517677,ID
1.0,0.9461256,ID
0.0,0.00046258615,ID
0.0,0.32405576,ID
0.0,0.14101814,ID
0.0,0.00017625137,ID
0.0,0.10285855,ID
0.0,0.00039153534,ID
0.0,0.00014164184,ID
0.0,0.0001968073,ID
0.0,0.27065474,ID
0.0,0.046581145,ID
0.0,0.039405726,ID
0.0,0.0003483192,ID
0.0,0.00087068963,ID
0.0,0.00070115435,ID
1.0,0.68988824,ID
0.0,0.4221585,ID
0.0,0.008012623,ID
1.0,0.97864395,ID
0.0,0.00737298,ID
0.0,0.0010861803,ID
0.0,0.000275229,ID
0.0,0.00014622213,ID
0.0,0.00030339573,ID
0.0,0.00020487832,ID
0.0,0.00031314112,ID
0.0,0.0030749093,ID
0.0,0.00048437237,ID
0.0,0.00035637149,ID
0.0,0.00019553669,ID
0.0,0.0140006635,ID
0.0,0.00017601893,ID
0.0,0.45663035,ID
0.0,0.0002184692,ID
0.0,0.0016756209,ID
0.0,0.5061071,ID
1.0,0.6553601,ID
0.0,0.0010620174,ID
1.0,0.69173586,ID
0.0,0.0055820243,ID
0.0,0.00030841658,ID
1.0,0.9993149,ID
0.0,0.61394715,ID
0.0,0.0014668935,ID
1.0,0.99905556,ID
0.0,0.00030684486,ID
1.0,0.97945875,ID
0.0,0.0004832713,ID
0.0,0.0049156435,ID
0.0,0.0002696246,ID
0.0,0.00021808063,ID
0.0,0.0019310446,ID
1.0,0.9898907,ID
0.0,0.24001288,ID
1.0,0.98185927,ID
1.0,0.9859035,ID
0.0,0.00019695052,ID
0.0,0.0012496249,ID
0.0,0.0005932955,ID
1.0,0.81188273,ID
0.0,0.049943734,ID
0.0,0.0002505859,ID
0.0,0.00016115826,ID
0.0,0.0002937882,ID
0.0,0.00016494066,ID
0.0,0.0005332842,ID
0.0,0.00030217145,ID
0.0,0.002002283,ID
0.0,0.0024894478,ID
1.0,0.8752739,ID
0.0,0.0009492216,ID
0.0,0.002917103,ID
0.0,0.00027044615,ID
1.0,0.9993255,ID
0.0,0.037465252,ID
0.0,0.0004147585,ID
1.0,0.96713924,ID
1.0,0.9969356,ID
0.0,0.00040399018,ID
0.0,0.00069847726,ID
0.0,0.001141221,ID
0.0,0.0051589864,ID
0.0,0.00075141084,ID
0.0,0.004961842,ID
0.0,0.0013578804,ID
0.0,0.28463674,ID
0.0,0.00054478884,ID
1.0,0.8713822,ID
0.0,0.0008520558,ID
1.0,0.9989544,ID
0.0,0.034973066,ID
0.0,0.00016879948,ID
0.0,0.00021611007,ID
0.0,0.00043266447,ID
0.0,0.07673405,ID
0.0,0.00065613794,ID
0.0,0.0023436395,ID
0.0,0.00029627868,ID
0.0,0.0002631595,ID
0.0,0.07025211,ID
0.0,0.0006658146,ID
1.0,0.93833953,ID
0.0,0.031943113,ID
0.0,0.00071751507,ID
0.0,0.00018657855,ID
0.0,0.0049608373,ID
0.0,0.24803567,ID
0.0,0.0010532697,ID
0.0,0.0035535404,ID
0.0,0.0076565365,ID
1.0,0.9284162,ID
0.0,0.0004534273,ID
0.0,0.16135238,ID
0.0,0.00046558416,ID
0.0,0.0006343676,ID
0.0,0.0013830706,ID
0.0,0.00021567101,ID
0.0,0.00026064328,ID
0.0,0.00036930136,ID
0.0,0.00045675543,ID
1.0,0.99727327,ID
0.0,0.0038013074,ID
0.0,0.0005191373,ID
1.0,0.91615117,ID
0.0,0.0007887615,ID
0.0,0.0006516177,ID
0.0,0.00013298144,ID
0.0,0.0005160907,ID
0.0,0.0018474867,ID
0.0,0.00026892143,ID
1.0,0.99315625,ID
1.0,0.54165465,ID
0.0,0.000100759346,ID
0.0,0.44027278,ID
0.0,0.4797416,ID
0.0,0.00048148102,ID
0.0,0.005930032,ID
0.0,0.00037485387,ID
0.0,0.0013416461,ID
1.0,0.979818,ID
0.0,0.00035852002,ID
0.0,0.002555115,ID
0.0,0.00030424615,ID
0.0,0.00017551314,ID
0.0,0.00037463772,ID
0.0,0.0005831726,ID
0.0,0.5071025,ID
0.0,0.115906544,ID
0.0,0.15996064,ID
0.0,0.0010258211,ID
1.0,0.99498063,ID
0.0,0.0013825076,ID
0.0,0.0002986763,ID
1.0,0.7993776,ID
1.0,0.6804617,ID
0.0,0.00041440045,ID
0.0,0.00037116773,ID
0.0,0.00063120195,ID
0.0,0.00093924254,ID
0.0,0.01499224,ID
0.0,9.879767e-05,ID
0.0,0.0006177197,ID
0.0,0.00073445175,ID
0.0,0.030553875,ID
0.0,0.0034466179,ID
0.0,0.0002686726,ID
0.0,0.0010375847,ID
0.0,0.0009410196,ID
0.0,0.0001785794,ID
0.0,0.00053397805,ID
0.0,0.08863529,ID
0.0,0.0014370757,ID
0.0,0.022469938,ID
0.0,0.0029434005,ID
0.0,0.0002860686,ID
0.0,0.0049656555,ID
0.0,0.00076915335,ID
0.0,0.00040332947,ID
1.0,0.9877386,ID
0.0,0.0002611363,ID
0.0,0.00027504642,ID
0.0,0.0008094041,ID
0.0,0.00015792642,ID
0.0,0.0009888295,ID
0.0,0.00054301583,ID
1.0,0.99374557,ID
0.0,0.00011093144,ID
0.0,0.00020925705,ID
0.0,0.0015307362,ID
1.0,0.99923265,ID
1.0,0.95829886,ID
0.0,0.00041582738,ID
0.0,0.00047474384,ID
0.0,0.00489853,ID
0.0,0.00028617744,ID
0.0,9.618318e-05,ID
0.0,0.0006574525,ID
0.0,0.0005576621,ID
0.0,0.0007094131,ID
0.0,0.32311618,ID
0.0,0.00015370245,ID
1.0,0.9950094,ID
1.0,0.9917498,ID
0.0,0.0003244504,ID
0.0,0.0004027086,ID
0.0,0.011447684,ID
0.0,0.48042896,ID
0.0,0.00032465957,ID
1.0,0.9062933,ID
0.0,0.00056784175,ID
0.0,0.00023298032,ID
0.0,0.00034804206,ID
0.0,0.00028134842,ID
0.0,0.00019963698,ID
1.0,0.9995197,ID
1.0,0.9996408,ID
0.0,0.00020629891,ID
1.0,0.93073183,ID
0.0,0.52028257,ID
1.0,0.98678046,ID
0.0,0.00058277947,ID
0.0,0.0008391996,ID
0.0,0.15663269,ID
0.0,0.0015992458,ID
1.0,0.9877164,ID
0.0,0.004840425,ID
0.0,0.63865316,ID
0.0,0.0005016061,ID
0.0,0.00027250123,ID
0.0,0.00014618771,ID
0.0,0.00012353467,ID
0.0,0.00023963912,OOD
1.0,0.9998092,OOD
0.0,0.00046282014,OOD
0.0,0.0013521211,OOD
0.0,0.016658563,OOD
0.0,0.0005512066,OOD
0.0,0.0035539896,OOD
1.0,0.9999665,OOD
0.0,0.00021125938,OOD
0.0,0.00016668726,OOD
0.0,0.005678073,OOD
0.0,0.0005987989,OOD
0.0,0.00026873767,OOD
0.0,0.0043364754,OOD
1.0,0.9916232,OOD
0.0,0.004902853,OOD
0.0,0.0002658734,OOD
0.0,0.01664881,OOD
0.0,0.00020973485,OOD
0.0,0.0016006893,OOD
1.0,0.8632315,OOD
0.0,0.038222115,OOD
1.0,0.9999342,OOD
1.0,0.99991775,OOD
0.0,0.00021688396,OOD
0.0,0.002487547,OOD
0.0,0.014706182,OOD
0.0,0.00092788524,OOD
0.0,0.002048009,OOD
1.0,0.9969193,OOD
0.0,0.000566306,OOD
0.0,0.00024621337,OOD
0.0,0.04290896,OOD
1.0,0.9954899,OOD
1.0,0.9989969,OOD
0.0,0.0015988416,OOD
1.0,0.99971503,OOD
0.0,0.00052873837,OOD
0.0,0.00015841326,OOD
1.0,0.99839526,OOD
0.0,0.59815586,OOD
0.0,0.00020113472,OOD
0.0,0.00065121794,OOD
0.0,0.0020008362,OOD
0.0,0.00016271468,OOD
0.0,0.00018760198,OOD
0.0,0.0009939498,OOD
1.0,0.9989243,OOD
0.0,0.12594257,OOD
0.0,0.050926886,OOD
1.0,0.89700013,OOD
0.0,0.003040164,OOD
0.0,0.0009816604,OOD
0.0,0.00056358107,OOD
1.0,0.99969935,OOD
0.0,0.0014598665,OOD
0.0,0.0011347228,OOD
0.0,0.0002341883,OOD
0.0,0.00027910288,OOD
0.0,0.00025155107,OOD
1.0,0.9940427,OOD
0.0,0.0035779304,OOD
0.0,0.00012761258,OOD
0.0,0.3480094,OOD
0.0,9.217073e-05,OOD
0.0,0.041021615,OOD
1.0,0.999757,OOD
1.0,0.9121342,OOD
0.0,0.00033556554,OOD
0.0,0.16092305,OOD
0.0,0.00028974924,OOD
0.0,0.0002763246,OOD
1.0,0.9998466,OOD
0.0,0.00025290332,OOD
0.0,0.1583254,OOD
0.0,0.0005887701,OOD
0.0,0.00044007588,OOD
0.0,0.0005399717,OOD
0.0,0.018038021,OOD
0.0,0.00080489815,OOD
0.0,0.0011001738,OOD
0.0,0.0018997951,OOD
0.0,0.0069299825,OOD
0.0,0.00074042234,OOD
0.0,0.0014242566,OOD
0.0,0.035271194,OOD
0.0,0.00024516348,OOD
0.0,0.31581083,OOD
1.0,0.96772486,OOD
0.0,0.00056778337,OOD
0.0,0.0005974225,OOD
0.0,0.0001613783,OOD
0.0,0.000842377,OOD
0.0,0.000109491666,OOD
1.0,0.9996363,OOD
0.0,0.001188866,OOD
0.0,0.00035291418,OOD
0.0,0.0022158553,OOD
0.0,0.0020865083,OOD
0.0,0.000700101,OOD
1.0,0.9999187,OOD
0.0,0.30985337,OOD
0.0,0.0055903015,OOD
0.0,0.005670599,OOD
0.0,0.00019398866,OOD
0.0,0.06883309,OOD
0.0,0.00028941626,OOD
0.0,0.0002684629,OOD
1.0,0.99993396,OOD
0.0,0.00097415806,OOD
0.0,0.038234714,OOD
0.0,0.0014733445,OOD
0.0,0.00056560873,OOD
0.0,0.00030572497,OOD
0.0,0.00053260784,OOD
1.0,0.9999902,OOD
0.0,0.00017878794,OOD
0.0,0.004247744,OOD
1.0,0.9788142,OOD
0.0,0.00057977997,OOD
0.0,0.0037707444,OOD
0.0,0.00023720405,OOD
1.0,0.99428844,OOD
0.0,0.00025948882,OOD
0.0,0.017066037,OOD
0.0,0.0037979379,OOD
0.0,0.00032094048,OOD
0.0,0.0010133518,OOD
1.0,0.99936205,OOD
0.0,0.32875717,OOD
1.0,0.99994445,OOD
0.0,0.00015590103,OOD
0.0,0.00018801977,OOD
0.0,0.00032725686,OOD
1.0,0.9987392,OOD
1.0,0.9858936,OOD
0.0,0.00029025518,OOD
0.0,0.22421145,OOD
0.0,0.00019531084,OOD
1.0,0.9996468,OOD
0.0,0.0005726574,OOD
0.0,0.0003320663,OOD
0.0,0.00010582027,OOD
0.0,0.00019286071,OOD
0.0,0.00034215348,OOD
0.0,0.0003434948,OOD
0.0,0.0006748928,OOD
0.0,0.0003193704,OOD
0.0,0.014405484,OOD
1.0,0.99173087,OOD
0.0,0.13325283,OOD
0.0,0.00056585734,OOD
0.0,0.00042395463,OOD
0.0,0.43104464,OOD
1.0,0.9999982,OOD
0.0,0.00031625896,OOD
0.0,0.24915697,OOD
0.0,0.00081620365,OOD
0.0,0.0003527988,OOD
0.0,0.03482437,OOD
0.0,0.00034673605,OOD
0.0,0.00025099935,OOD
0.0,0.0004732783,OOD
0.0,0.0003305196,OOD
0.0,0.0010991431,OOD
0.0,0.0004884597,OOD
0.0,0.00041854524,OOD
1.0,0.99972683,OOD
1.0,0.9955647,OOD
0.0,0.0006085099,OOD
0.0,0.00028506044,OOD
1.0,0.99940217,OOD
1.0,0.9999982,OOD
0.0,0.0014903849,OOD
0.0,0.0002548431,OOD
0.0,0.12589118,OOD
0.0,9.597054e-05,OOD
0.0,0.123531684,OOD
0.0,0.27195197,OOD
1.0,0.9627212,OOD
1.0,0.9997482,OOD
1.0,0.9994024,OOD
1.0,0.88282496,OOD
0.0,0.0003266104,OOD
1.0,0.99795294,OOD
0.0,0.00062704494,OOD
0.0,0.00025539717,OOD
0.0,0.00096863054,OOD
0.0,0.00044129248,OOD
0.0,0.0005206907,OOD
0.0,0.0006191314,OOD
0.0,0.0328112,OOD
0.0,0.0061202343,OOD
0.0,0.0013873851,OOD
0.0,0.00079322484,OOD
0.0,0.0027902685,OOD
0.0,0.02945022,OOD
1.0,0.9980573,OOD
0.0,0.00026029386,OOD
1.0,0.88104516,OOD
0.0,0.0005698533,OOD
1.0,0.9906961,OOD
0.0,0.00035627605,OOD
0.0,0.09700175,OOD
0.0,0.00013031409,OOD
0.0,0.0003943158,OOD
0.0,0.61504984,OOD
0.0,0.00012795375,OOD
0.0,0.009863427,OOD
0.0,0.033659305,OOD
0.0,0.00023686912,OOD
0.0,0.00014689796,OOD
1.0,0.9998054,OOD
0.0,0.00601735,OOD
0.0,0.000318005,OOD
0.0,0.0002584045,OOD
0.0,0.00045279667,OOD
0.0,0.00022064758,OOD
0.0,0.00016148234,OOD
0.0,0.0002747115,OOD
0.0,0.00011727073,OOD
0.0,0.0011817084,OOD
0.0,0.00027748465,OOD
0.0,0.00034170752,OOD
1.0,0.9998536,OOD
0.0,0.000100962476,OOD
0.0,0.00016163963,OOD
0.0,0.0013493816,OOD
0.0,0.0005495093,OOD
0.0,0.0003311324,OOD
0.0,0.5426333,OOD
1.0,0.99937254,OOD
0.0,0.001051684,OOD
0.0,0.00023752768,OOD
0.0,0.00010557464,OOD
0.0,0.29855826,OOD
1.0,0.9997602,OOD
0.0,0.00021730042,OOD
1.0,0.9999459,OOD
0.0,0.00021069874,OOD
0.0,0.05924866,OOD
1.0,0.99969876,OOD
0.0,0.00062134693,OOD
1.0,0.9128721,OOD
0.0,0.012694212,OOD
0.0,0.048381746,OOD
0.0,0.00047108703,OOD
0.0,0.00020427968,OOD
0.0,0.00058331795,OOD
0.0,0.00012425498,OOD
1.0,0.999967,OOD
0.0,0.00019504974,OOD
1.0,0.9746625,OOD
0.0,0.00091418065,OOD
0.0,0.05264707,OOD
0.0,0.23984976,OOD
0.0,0.00022146071,OOD
0.0,0.00028066043,OOD
1.0,0.9999068,OOD
0.0,0.00034767727,OOD
0.0,0.00642339,OOD
0.0,0.005216173,OOD
0.0,0.0010333123,OOD
0.0,0.00043295245,OOD
0.0,0.00012039256,OOD
0.0,0.00014632352,OOD
0.0,0.0017135997,OOD
0.0,0.005409321,OOD
0.0,0.00433906,OOD
0.0,0.0015801454,OOD
1.0,0.99743396,OOD
0.0,0.00064664375,OOD
0.0,0.002652285,OOD
0.0,0.00014614422,OOD
1.0,0.9907755,OOD
1.0,0.99981326,OOD
1.0,0.93256503,OOD
0.0,0.51449436,OOD
1.0,0.99458635,OOD
0.0,0.0002681007,OOD
0.0,0.0012299962,OOD
0.0,0.00019996657,OOD
0.0,0.00014291712,OOD
0.0,0.046688855,OOD
0.0,0.00047953875,OOD
0.0,0.028768321,OOD
0.0,0.0009072298,OOD
0.0,0.05218117,OOD
0.0,0.0006503462,OOD
1.0,0.99914896,OOD
0.0,0.0007851245,OOD
0.0,0.0025235394,OOD
0.0,0.00408668,OOD
0.0,0.0585738,OOD
0.0,0.00046537718,OOD
0.0,0.0007908251,OOD
0.0,0.0006864092,OOD
0.0,0.00022680862,OOD
0.0,0.13662967,OOD
0.0,0.00018760681,OOD
0.0,0.08724642,OOD
1.0,0.9749142,OOD
0.0,0.00030828075,OOD
0.0,0.00019163146,OOD
0.0,0.00024374499,OOD
0.0,0.000570425,OOD
0.0,0.00024006973,OOD
0.0,0.00013882291,OOD
0.0,0.00067637826,OOD
0.0,0.00027997466,OOD
0.0,0.008345425,OOD
1.0,0.99995196,OOD
0.0,0.00010444682,OOD
0.0,0.00016882813,OOD
0.0,0.00039707022,OOD
1.0,0.9998103,OOD
0.0,0.000746249,OOD
0.0,0.007151438,OOD
1.0,0.9987213,OOD
0.0,0.0002863057,OOD
0.0,0.00014487909,OOD
0.0,9.952415e-05,OOD
0.0,0.00039776842,OOD
0.0,0.00014393285,OOD
0.0,0.00022650478,OOD
0.0,0.01681967,OOD
0.0,7.0533926e-05,OOD
1.0,0.9956768,OOD
0.0,0.0006074686,OOD
0.0,0.0006752563,OOD
0.0,0.0003326756,OOD
0.0,0.0005756719,OOD
1.0,0.9991509,OOD
1.0,0.8473151,OOD
0.0,0.00018952035,OOD
0.0,0.00062830356,OOD
1.0,0.78776807,OOD
0.0,0.00019088705,OOD
1.0,0.91283536,OOD
0.0,0.00066831755,OOD
0.0,0.14276075,OOD
1.0,0.9997224,OOD
0.0,0.0033712746,OOD
0.0,0.00077852845,OOD
1.0,0.99925584,OOD
0.0,0.09966796,OOD
0.0,0.000625716,OOD
0.0,0.0003043143,OOD
0.0,0.00023125959,OOD
0.0,0.0049703107,OOD
0.0,0.0009829028,OOD
0.0,0.00053996604,OOD
0.0,0.0007256015,OOD
1.0,0.99999714,OOD
0.0,0.00023564235,OOD
0.0,0.0003566553,OOD
0.0,0.0012361394,OOD
0.0,0.15924083,OOD
0.0,0.00015756812,OOD
0.0,0.004368764,OOD
1.0,0.99979347,OOD
0.0,0.00040175134,OOD
0.0,0.00059186126,OOD
0.0,0.0011911705,OOD
0.0,0.00034794916,OOD
0.0,0.00040623857,OOD
0.0,0.019463636,OOD
0.0,0.0009092215,OOD
0.0,0.0002839191,OOD
1.0,0.999884,OOD
1.0,0.96696466,OOD
0.0,0.0006612036,OOD
0.0,0.0002934545,OOD
0.0,8.525231e-05,OOD
0.0,0.0017930279,OOD
1.0,0.9582324,OOD
0.0,0.0009426258,OOD
0.0,0.00097395387,OOD
1.0,0.9997559,OOD
0.0,0.025195044,OOD
0.0,0.0002792261,OOD
1.0,0.9998423,OOD
1.0,0.99985886,OOD
0.0,0.0026186572,OOD
0.0,0.0026096771,OOD
0.0,0.00018092284,OOD
0.0,0.0002940261,OOD
0.0,0.005305955,OOD
0.0,0.56362337,OOD
0.0,0.00094262854,OOD
0.0,0.00039848668,OOD
0.0,0.020111628,OOD
0.0,0.3109181,OOD
0.0,0.00031135883,OOD
0.0,0.00050080754,OOD
0.0,0.00043597538,OOD
0.0,0.00034851686,OOD
0.0,0.00023557544,OOD
0.0,0.0052330717,OOD
0.0,0.0006205326,OOD
0.0,0.004767569,OOD
0.0,0.30548224,OOD
1.0,0.9999229,OOD
0.0,0.0004653379,OOD
0.0,0.0048847105,OOD
0.0,0.00068031606,OOD
0.0,0.0011425584,OOD
0.0,0.0032567359,OOD
0.0,0.00044260058,OOD
0.0,0.00026890656,OOD
0.0,0.03629902,OOD
0.0,0.00047855833,OOD
0.0,0.025014115,OOD
0.0,0.0021506003,OOD
1.0,0.9957984,OOD
1.0,0.9999285,OOD
0.0,0.00037791018,OOD
1.0,0.99848807,OOD
0.0,0.08519811,OOD
0.0,0.00041247832,OOD
0.0,0.00013602895,OOD
0.0,0.00035323043,OOD
0.0,0.0002424565,OOD
0.0,0.00097039435,OOD
1.0,0.99984896,OOD
1.0,0.9998306,OOD
0.0,0.00012510241,OOD
0.0,0.0036419998,OOD
0.0,0.46187815,OOD
1.0,0.98455274,OOD
0.0,0.00011945497,OOD
0.0,0.0007126748,OOD
1.0,0.9985026,OOD
0.0,0.0007300847,OOD
0.0,0.00036948797,OOD
0.0,0.00054719835,OOD
0.0,0.22691745,OOD
0.0,0.0006658707,OOD
1.0,0.9823085,OOD
0.0,0.00041385426,OOD
0.0,0.00975856,OOD
0.0,0.3638182,OOD
0.0,0.020384645,OOD
1.0,0.9996306,OOD
0.0,0.002530708,OOD
0.0,0.0012440047,OOD
0.0,0.0011740889,OOD
0.0,0.0023649144,OOD
0.0,0.0004354753,OOD
1.0,0.83293504,OOD
1.0,0.9999087,OOD
0.0,0.012898902,OOD
0.0,0.4396037,OOD
1.0,0.9994024,OOD
1.0,0.65415275,OOD
0.0,0.0013069353,OOD
0.0,0.00031746642,OOD
1.0,0.99953914,OOD
0.0,0.0002854401,OOD
0.0,0.0008953614,OOD
0.0,0.0005014029,OOD
0.0,0.001129868,OOD
0.0,0.0004793388,OOD
0.0,0.00016906865,OOD
0.0,0.00021161884,OOD
0.0,0.00022979465,OOD
0.0,0.41524625,OOD
0.0,0.0025810197,OOD
0.0,0.004573022,OOD
0.0,0.009264717,OOD
1.0,0.9993672,OOD
0.0,0.00049485906,OOD
0.0,0.00038207768,OOD
0.0,0.00012619064,OOD
0.0,0.000101780744,OOD
0.0,0.0030691016,OOD
0.0,0.0003339298,OOD
0.0,0.00020753729,OOD
0.0,0.00013066024,OOD
1.0,0.9834899,OOD
0.0,0.00010115375,OOD
0.0,0.00086811086,OOD
1.0,0.9999907,OOD
0.0,0.00023167845,OOD
1.0,0.99049765,OOD
0.0,0.00011512566,OOD
0.0,0.00026594033,OOD
1.0,0.9989066,OOD
0.0,0.0010828304,OOD
0.0,0.00014374263,OOD
0.0,0.0003132134,OOD
0.0,0.00044549437,OOD
0.0,0.00018095406,OOD
0.0,0.00023065996,OOD
0.0,0.0048634624,OOD
0.0,0.08241785,OOD
0.0,0.00038247803,OOD
0.0,0.034301527,OOD
0.0,0.0005687873,OOD
0.0,0.00016803155,OOD
0.0,0.03641503,OOD
0.0,0.0013697611,OOD
1.0,0.8641989,OOD
1.0,0.9999684,OOD
0.0,0.0005996942,OOD
1.0,0.9990664,OOD
0.0,0.00097132206,OOD
0.0,0.000112008725,OOD
0.0,8.734885e-05,OOD
0.0,0.00048113783,OOD
0.0,0.00045854712,OOD
0.0,0.00051681366,OOD
0.0,0.0004708327,OOD
0.0,0.06600899,OOD
0.0,0.00019506854,OOD
0.0,0.0001249005,OOD
0.0,0.0012269417,OOD
1.0,0.99993825,OOD
1.0,0.99960035,OOD
0.0,0.0048522893,OOD
0.0,0.00074388605,OOD
0.0,0.0020415927,OOD
0.0,0.15390034,OOD
1.0,0.9996666,OOD
1.0,0.9992956,OOD
0.0,0.00061490905,OOD
1.0,0.9300672,OOD
1.0,0.954744,OOD
1.0,0.7511503,OOD
0.0,0.00029416376,OOD
0.0,0.00017989331,OOD
0.0,0.00015988022,OOD
0.0,0.00023557722,OOD
1.0,0.99933976,OOD
0.0,0.0060740523,OOD
0.0,0.00111036,OOD
0.0,0.00020653685,OOD
0.0,0.0003412781,OOD
1.0,0.9528935,OOD
0.0,0.0013927977,OOD
0.0,0.00048787432,OOD
0.0,0.00029768588,OOD
0.0,0.19297822,OOD
0.0,0.014702653,OOD
0.0,0.00048678202,OOD
0.0,0.00027071263,OOD
0.0,0.001154114,OOD
1.0,0.9979361,OOD
0.0,0.00019687448,OOD
0.0,0.0002827222,OOD
1.0,0.9991173,OOD
0.0,0.00053167256,OOD
0.0,0.17661524,OOD
0.0,0.00022991473,OOD
0.0,0.0001829853,OOD
0.0,0.00037978948,OOD
0.0,0.010523703,OOD
0.0,0.0002547707,OOD
0.0,0.00041485182,OOD
0.0,0.00017979127,OOD
0.0,0.0009813673,OOD
1.0,0.9337043,OOD
0.0,0.00092846365,OOD
0.0,0.017315578,OOD
0.0,0.001200046,OOD
1.0,0.99969304,OOD
0.0,0.0002986185,OOD
0.0,0.0009577638,OOD
0.0,0.005336317,OOD
1.0,0.5576662,OOD
0.0,0.006406176,OOD
0.0,0.0020629282,OOD
0.0,0.0006307726,OOD
0.0,0.00029541954,OOD
0.0,0.00038844548,OOD
0.0,0.00041518515,OOD
1.0,0.9913025,OOD
1.0,0.9998222,OOD
0.0,0.000281335,OOD
0.0,0.0003017825,OOD
0.0,0.00029810623,OOD
0.0,0.0004621921,OOD
0.0,0.0004500195,OOD
0.0,0.000555976,OOD
1.0,0.99050295,OOD
0.0,0.00015943416,OOD
0.0,0.0022160881,OOD
0.0,0.0004316741,OOD
0.0,0.018427549,OOD
0.0,0.0008238428,OOD
0.0,0.04332746,OOD
0.0,0.0005794435,OOD
0.0,0.012064164,OOD
1.0,0.9998141,OOD
0.0,0.22136885,OOD
0.0,0.010092764,OOD
0.0,0.0005697268,OOD
0.0,0.0004357265,OOD
0.0,0.00041538366,OOD
1.0,0.999411,OOD
1.0,0.99997914,OOD
1.0,0.9851129,OOD
0.0,0.0012980545,OOD
1.0,0.98724526,OOD
0.0,0.0009458407,OOD
0.0,0.0007469096,OOD
0.0,0.0036514006,OOD
0.0,0.0014169686,OOD
0.0,0.0003012438,OOD
0.0,0.12976082,OOD
0.0,0.00037121872,OOD
0.0,0.034868512,OOD
0.0,0.0008010414,OOD
1.0,0.9700125,OOD
0.0,0.0012916095,OOD
0.0,0.00013518057,OOD
0.0,0.00026359572,OOD
0.0,0.002192637,OOD
0.0,0.28311342,OOD
0.0,0.0022897513,OOD
0.0,0.0023628743,OOD
0.0,0.0011976025,OOD
0.0,0.08273803,OOD
1.0,0.99989223,OOD
0.0,0.00013890899,OOD
0.0,0.00030456713,OOD
0.0,0.23027605,OOD
0.0,0.0025395667,OOD
0.0,0.00036579848,OOD
0.0,0.0004213585,OOD
0.0,0.0007029042,OOD
0.0,0.00026299022,OOD
0.0,0.00021831636,OOD
0.0,0.00012512019,OOD
0.0,0.004995186,OOD
0.0,0.00036372684,OOD
0.0,0.0007791574,OOD
0.0,0.0079442905,OOD
1.0,0.9996977,OOD
0.0,0.0005171233,OOD
0.0,0.0004408241,OOD
1.0,0.95653826,OOD
1.0,0.9940058,OOD
0.0,0.00021437427,OOD
1.0,0.98622954,OOD
0.0,0.0023161343,OOD
1.0,0.9966304,OOD
0.0,0.0001528339,OOD
1.0,0.99969673,OOD
0.0,0.00018006028,OOD
0.0,0.0012084887,OOD
1.0,0.9993129,OOD
0.0,0.00029026516,OOD
0.0,0.0074186865,OOD
0.0,0.0002486726,OOD
0.0,0.030670838,OOD
0.0,0.01598956,OOD
0.0,9.5136995e-05,OOD
0.0,0.000692123,OOD
0.0,0.07757725,OOD
0.0,0.00015744542,OOD
0.0,0.00036814646,OOD
0.0,0.00089813914,OOD
1.0,0.9997799,OOD
0.0,0.0001368003,OOD
0.0,0.0006199542,OOD
0.0,0.00031684083,OOD
0.0,0.00048007112,OOD
0.0,0.0011380278,OOD
1.0,0.92809623,OOD
1.0,0.9978211,OOD
0.0,0.00029760698,OOD
0.0,0.0004644746,OOD
0.0,0.0004902988,OOD
0.0,0.00033139865,OOD
0.0,0.0011623633,OOD
1.0,0.99850875,OOD
0.0,0.030250944,OOD
1.0,0.9999833,OOD
1.0,0.9996457,OOD
0.0,0.00010734824,OOD
0.0,0.00014624347,OOD
0.0,0.0002485939,OOD
0.0,0.0005258855,OOD
0.0,0.00014813748,OOD
0.0,0.00070859113,OOD
1.0,0.9982509,OOD
0.0,0.0005562344,OOD
1.0,0.9973225,OOD
0.0,0.00017944752,OOD
1.0,0.60219324,OOD
0.0,0.0002095012,OOD
0.0,0.0018152724,OOD
0.0,0.00029248893,OOD
0.0,0.0011753299,OOD
0.0,0.117558,OOD
0.0,0.0009974093,OOD
0.0,0.11072075,OOD
0.0,0.0010530134,OOD
1.0,0.9998696,OOD
0.0,0.00069591583,OOD
0.0,0.0016359035,OOD
0.0,0.0010893345,OOD
0.0,0.00067665847,OOD
1.0,0.924762,OOD
0.0,0.012048806,OOD
0.0,0.00086194306,OOD
0.0,0.0005215351,OOD
0.0,0.00024366294,OOD
0.0,0.00020372725,OOD
1.0,0.7796833,OOD
0.0,0.0016132088,OOD
0.0,0.0033809945,OOD
0.0,0.0042913323,OOD
0.0,0.00021034466,OOD
0.0,0.2357142,OOD
1.0,0.99987876,OOD
0.0,0.0006266189,OOD
0.0,0.00021697456,OOD
0.0,0.00024590205,OOD
0.0,0.00038127918,OOD
0.0,0.00029836607,OOD
0.0,0.00030467138,OOD
0.0,9.158688e-05,OOD
0.0,0.00028861553,OOD
0.0,0.0004327119,OOD
0.0,0.00072097953,OOD
1.0,0.99994564,OOD
0.0,0.03550041,OOD
0.0,0.00054757035,OOD
0.0,0.00024281301,OOD
0.0,0.00035269893,OOD
0.0,0.00012662783,OOD
0.0,0.0007248962,OOD
0.0,0.0003484584,OOD
0.0,0.00049801555,OOD
1.0,0.9999436,OOD
0.0,0.002242074,OOD
0.0,0.005679893,OOD
0.0,0.23275886,OOD
0.0,0.0002140189,OOD
0.0,0.001274889,OOD
0.0,0.00032627492,OOD
1.0,0.999466,OOD
0.0,0.00031213427,OOD
0.0,0.00040893274,OOD
0.0,0.0065562874,OOD
0.0,0.0012811365,OOD
0.0,0.00039493185,OOD
0.0,0.34262526,OOD
1.0,0.99636674,OOD
1.0,0.88129175,OOD
1.0,0.6485771,OOD
0.0,9.691299e-05,OOD
0.0,0.003996632,OOD
0.0,0.0002339776,OOD
0.0,0.0005900473,OOD
1.0,0.99770665,OOD
1.0,0.947391,OOD
0.0,0.00018959354,OOD
1.0,0.93872446,OOD
1.0,0.99973255,OOD
0.0,0.00036652316,OOD
0.0,0.0001209707,OOD
0.0,0.0018032523,OOD
1.0,0.6967964,OOD
0.0,0.005335919,OOD
0.0,0.00024001641,OOD
0.0,0.00036028543,OOD
0.0,0.00078808225,OOD
0.0,0.00033459137,OOD
0.0,0.001419382,OOD
1.0,0.9797387,OOD
0.0,0.0013859101,OOD
0.0,0.00013210948,OOD
1.0,0.96677077,OOD
0.0,0.0006275244,OOD
0.0,0.00048963865,OOD
1.0,0.7947355,OOD
0.0,0.001563607,OOD
1.0,0.9998708,OOD
1.0,0.9996698,OOD
0.0,0.00026491113,OOD
0.0,0.00014115807,OOD
0.0,0.00029822532,OOD
0.0,0.0007021875,OOD
0.0,0.0008535799,OOD
0.0,0.00027178615,OOD
0.0,0.002151805,OOD
0.0,0.00040746067,OOD
0.0,0.00060935377,OOD
0.0,0.00057079695,OOD
1.0,0.9487888,OOD
0.0,0.00035630917,OOD
0.0,0.00019210346,OOD
0.0,0.0022643663,OOD
1.0,0.9999634,OOD
1.0,0.6424016,OOD
0.0,0.00033046133,OOD
0.0,0.0051303785,OOD
